"filename", "language", "Ini", "C++", "comment", "blank", "total"
"g:\マイドライブ\dev\実装関係\goto_dev\PlatfromIO\ICSN Software low power v.2.1.0\desktop.ini", "Ini", 7, 0, 0, 0, 7
"g:\マイドライブ\dev\実装関係\goto_dev\PlatfromIO\ICSN Software low power v.2.1.0\include\desktop.ini", "Ini", 7, 0, 0, 0, 7
"g:\マイドライブ\dev\実装関係\goto_dev\PlatfromIO\ICSN Software low power v.2.1.0\lib\controllers\NodeController.hpp", "C++", 0, 82, 3, 8, 93
"g:\マイドライブ\dev\実装関係\goto_dev\PlatfromIO\ICSN Software low power v.2.1.0\lib\controllers\desktop.ini", "Ini", 7, 0, 0, 0, 7
"g:\マイドライブ\dev\実装関係\goto_dev\PlatfromIO\ICSN Software low power v.2.1.0\lib\desktop.ini", "Ini", 7, 0, 0, 0, 7
"g:\マイドライブ\dev\実装関係\goto_dev\PlatfromIO\ICSN Software low power v.2.1.0\lib\domain\desktop.ini", "Ini", 7, 0, 0, 0, 7
"g:\マイドライブ\dev\実装関係\goto_dev\PlatfromIO\ICSN Software low power v.2.1.0\lib\domain\model\ICN\CS.hpp", "C++", 0, 16, 0, 6, 22
"g:\マイドライブ\dev\実装関係\goto_dev\PlatfromIO\ICSN Software low power v.2.1.0\lib\domain\model\ICN\CSRepository.hpp", "C++", 0, 12, 0, 3, 15
"g:\マイドライブ\dev\実装関係\goto_dev\PlatfromIO\ICSN Software low power v.2.1.0\lib\domain\model\ICN\FIB.hpp", "C++", 0, 16, 0, 6, 22
"g:\マイドライブ\dev\実装関係\goto_dev\PlatfromIO\ICSN Software low power v.2.1.0\lib\domain\model\ICN\FIBRepository.hpp", "C++", 0, 12, 0, 3, 15
"g:\マイドライブ\dev\実装関係\goto_dev\PlatfromIO\ICSN Software low power v.2.1.0\lib\domain\model\ICN\PIT.hpp", "C++", 0, 16, 0, 6, 22
"g:\マイドライブ\dev\実装関係\goto_dev\PlatfromIO\ICSN Software low power v.2.1.0\lib\domain\model\ICN\PITRepository.hpp", "C++", 0, 12, 0, 3, 15
"g:\マイドライブ\dev\実装関係\goto_dev\PlatfromIO\ICSN Software low power v.2.1.0\lib\domain\model\ICN\desktop.ini", "Ini", 7, 0, 0, 0, 7
"g:\マイドライブ\dev\実装関係\goto_dev\PlatfromIO\ICSN Software low power v.2.1.0\lib\domain\model\desktop.ini", "Ini", 7, 0, 0, 0, 7
"g:\マイドライブ\dev\実装関係\goto_dev\PlatfromIO\ICSN Software low power v.2.1.0\lib\domain\model\message\Content.hpp", "C++", 0, 18, 1, 6, 25
"g:\マイドライブ\dev\実装関係\goto_dev\PlatfromIO\ICSN Software low power v.2.1.0\lib\domain\model\message\ContentName.hpp", "C++", 0, 18, 1, 6, 25
"g:\マイドライブ\dev\実装関係\goto_dev\PlatfromIO\ICSN Software low power v.2.1.0\lib\domain\model\message\HopCount.hpp", "C++", 0, 22, 1, 7, 30
"g:\マイドライブ\dev\実装関係\goto_dev\PlatfromIO\ICSN Software low power v.2.1.0\lib\domain\model\message\NodeId.hpp", "C++", 0, 18, 1, 6, 25
"g:\マイドライブ\dev\実装関係\goto_dev\PlatfromIO\ICSN Software low power v.2.1.0\lib\domain\model\message\SignalCode.hpp", "C++", 0, 18, 1, 6, 25
"g:\マイドライブ\dev\実装関係\goto_dev\PlatfromIO\ICSN Software low power v.2.1.0\lib\domain\model\message\desktop.ini", "Ini", 7, 0, 0, 0, 7
"g:\マイドライブ\dev\実装関係\goto_dev\PlatfromIO\ICSN Software low power v.2.1.0\lib\gateways\desktop.ini", "Ini", 7, 0, 0, 0, 7
"g:\マイドライブ\dev\実装関係\goto_dev\PlatfromIO\ICSN Software low power v.2.1.0\lib\gateways\driver\DriverFIBRepository.hpp", "C++", 0, 46, 0, 7, 53
"g:\マイドライブ\dev\実装関係\goto_dev\PlatfromIO\ICSN Software low power v.2.1.0\lib\gateways\driver\desktop.ini", "Ini", 7, 0, 0, 0, 7
"g:\マイドライブ\dev\実装関係\goto_dev\PlatfromIO\ICSN Software low power v.2.1.0\lib\gateways\fast\FastFIBRepository.hpp", "C++", 0, 135, 10, 13, 158
"g:\マイドライブ\dev\実装関係\goto_dev\PlatfromIO\ICSN Software low power v.2.1.0\lib\gateways\fast\desktop.ini", "Ini", 7, 0, 0, 0, 7
"g:\マイドライブ\dev\実装関係\goto_dev\PlatfromIO\ICSN Software low power v.2.1.0\lib\gateways\hash\HashCSRepository.hpp", "C++", 0, 52, 1, 9, 62
"g:\マイドライブ\dev\実装関係\goto_dev\PlatfromIO\ICSN Software low power v.2.1.0\lib\gateways\hash\HashFIBRepository.hpp", "C++", 0, 52, 1, 9, 62
"g:\マイドライブ\dev\実装関係\goto_dev\PlatfromIO\ICSN Software low power v.2.1.0\lib\gateways\hash\HashPITRepository.hpp", "C++", 0, 52, 1, 9, 62
"g:\マイドライブ\dev\実装関係\goto_dev\PlatfromIO\ICSN Software low power v.2.1.0\lib\gateways\hash\desktop.ini", "Ini", 7, 0, 0, 0, 7
"g:\マイドライブ\dev\実装関係\goto_dev\PlatfromIO\ICSN Software low power v.2.1.0\lib\interactor\desktop.ini", "Ini", 7, 0, 0, 0, 7
"g:\マイドライブ\dev\実装関係\goto_dev\PlatfromIO\ICSN Software low power v.2.1.0\lib\interactor\node\add\NodeAddInteractor.hpp", "C++", 0, 120, 17, 10, 147
"g:\マイドライブ\dev\実装関係\goto_dev\PlatfromIO\ICSN Software low power v.2.1.0\lib\interactor\node\add\desktop.ini", "Ini", 7, 0, 0, 0, 7
"g:\マイドライブ\dev\実装関係\goto_dev\PlatfromIO\ICSN Software low power v.2.1.0\lib\interactor\node\desktop.ini", "Ini", 7, 0, 0, 0, 7
"g:\マイドライブ\dev\実装関係\goto_dev\PlatfromIO\ICSN Software low power v.2.1.0\lib\presenter\console\ConsoleNodeAddPresenter.hpp", "C++", 0, 24, 0, 5, 29
"g:\マイドライブ\dev\実装関係\goto_dev\PlatfromIO\ICSN Software low power v.2.1.0\lib\presenter\console\desktop.ini", "Ini", 7, 0, 0, 0, 7
"g:\マイドライブ\dev\実装関係\goto_dev\PlatfromIO\ICSN Software low power v.2.1.0\lib\presenter\desktop.ini", "Ini", 7, 0, 0, 0, 7
"g:\マイドライブ\dev\実装関係\goto_dev\PlatfromIO\ICSN Software low power v.2.1.0\lib\sensor\DHTHumidity.cpp", "C++", 0, 31, 3, 9, 43
"g:\マイドライブ\dev\実装関係\goto_dev\PlatfromIO\ICSN Software low power v.2.1.0\lib\sensor\DHTTemperature.cpp", "C++", 0, 31, 3, 9, 43
"g:\マイドライブ\dev\実装関係\goto_dev\PlatfromIO\ICSN Software low power v.2.1.0\lib\sensor\Sensor.h", "C++", 0, 38, 0, 6, 44
"g:\マイドライブ\dev\実装関係\goto_dev\PlatfromIO\ICSN Software low power v.2.1.0\lib\sensor\desktop.ini", "Ini", 7, 0, 0, 0, 7
"g:\マイドライブ\dev\実装関係\goto_dev\PlatfromIO\ICSN Software low power v.2.1.0\lib\usecases\desktop.ini", "Ini", 7, 0, 0, 0, 7
"g:\マイドライブ\dev\実装関係\goto_dev\PlatfromIO\ICSN Software low power v.2.1.0\lib\usecases\node\add\NodeAddInputData.hpp", "C++", 0, 27, 0, 10, 37
"g:\マイドライブ\dev\実装関係\goto_dev\PlatfromIO\ICSN Software low power v.2.1.0\lib\usecases\node\add\NodeAddOutputData.hpp", "C++", 0, 23, 0, 10, 33
"g:\マイドライブ\dev\実装関係\goto_dev\PlatfromIO\ICSN Software low power v.2.1.0\lib\usecases\node\add\NodeAddPresenter.hpp", "C++", 0, 10, 0, 3, 13
"g:\マイドライブ\dev\実装関係\goto_dev\PlatfromIO\ICSN Software low power v.2.1.0\lib\usecases\node\add\NodeAddUseCase.hpp", "C++", 0, 11, 0, 3, 14
"g:\マイドライブ\dev\実装関係\goto_dev\PlatfromIO\ICSN Software low power v.2.1.0\lib\usecases\node\add\desktop.ini", "Ini", 7, 0, 0, 0, 7
"g:\マイドライブ\dev\実装関係\goto_dev\PlatfromIO\ICSN Software low power v.2.1.0\lib\usecases\node\desktop.ini", "Ini", 7, 0, 0, 0, 7
"g:\マイドライブ\dev\実装関係\goto_dev\PlatfromIO\ICSN Software low power v.2.1.0\lib\view\console\ConsoleView.hpp", "C++", 0, 18, 0, 3, 21
"g:\マイドライブ\dev\実装関係\goto_dev\PlatfromIO\ICSN Software low power v.2.1.0\lib\view\console\desktop.ini", "Ini", 7, 0, 0, 0, 7
"g:\マイドライブ\dev\実装関係\goto_dev\PlatfromIO\ICSN Software low power v.2.1.0\lib\view\desktop.ini", "Ini", 7, 0, 0, 0, 7
"g:\マイドライブ\dev\実装関係\goto_dev\PlatfromIO\ICSN Software low power v.2.1.0\lib\viewmodels\console\ConsoleViewModel.hpp", "C++", 0, 23, 0, 10, 33
"g:\マイドライブ\dev\実装関係\goto_dev\PlatfromIO\ICSN Software low power v.2.1.0\lib\viewmodels\console\desktop.ini", "Ini", 7, 0, 0, 0, 7
"g:\マイドライブ\dev\実装関係\goto_dev\PlatfromIO\ICSN Software low power v.2.1.0\lib\viewmodels\desktop.ini", "Ini", 7, 0, 0, 0, 7
"g:\マイドライブ\dev\実装関係\goto_dev\PlatfromIO\ICSN Software low power v.2.1.0\platformio.ini", "Ini", 16, 0, 9, 2, 27
"g:\マイドライブ\dev\実装関係\goto_dev\PlatfromIO\ICSN Software low power v.2.1.0\src\desktop.ini", "Ini", 7, 0, 0, 0, 7
"g:\マイドライブ\dev\実装関係\goto_dev\PlatfromIO\ICSN Software low power v.2.1.0\src\main.cpp", "C++", 0, 103, 18, 24, 145
"g:\マイドライブ\dev\実装関係\goto_dev\PlatfromIO\ICSN Software low power v.2.1.0\test\desktop.ini", "Ini", 7, 0, 0, 0, 7
"Total", "-", 205, 1056, 71, 217, 1549